RR-1,RR-2
59.4,36.0
3.5,59.4
1.7,3.5
99.5,1.7
0.0,99.5
30.6,0.0
0.0,30.6
23.0,0.0
8.0,23.0
1.0,8.0
34.5,1.0
117.0,34.5
12.0,117.0
50.5,12.0
28.3,50.5
22.5,28.3
12.7,22.5
0.0,12.7
0.0,0.0
2.5,0.0
10.0,2.5
0.0,10.0
4.6,0.0
8.2,4.6
0.0,8.2
3.3,0.0
1.6,3.3
1.6,1.6
0.8,1.6
0.0,0.8
0.0,0.0
0.0,0.0
6.3,0.0
7.2,6.3
19.0,7.2
3.5,19.0
144.0,3.5
38.3,144.0
71.9,38.3
33.3,71.9
28.0,33.3
7.0,28.0
0.0,7.0
7.6,0.0
6.1,7.6
15.9,6.1
1.0,15.9
38.0,1.0
6.0,38.0
22.0,6.0
26.6,22.0
27.0,26.6
51.9,27.0
7.5,51.9
15.6,7.5
1.5,15.6
1.5,1.5
51.8,1.5
76.5,51.8
0.0,76.5
13.0,0.0
1.4,13.0
5.1,1.4
1.0,5.1
8.2,1.0
0.0,8.2
26.8,0.0
7.5,26.8
1.8,7.5
2.6,1.8
3.0,2.6
0.0,3.0
7.7,0.0
10.6,7.7
9.6,10.6
25.2,9.6
30.2,25.2
37.7,30.2
12.5,37.7
6.1,12.5
1.5,6.1
37.1,1.5
1.5,37.1
8.5,1.5
26.2,8.5
12.3,26.2
13.5,12.3
2.1,13.5
5.2,2.1
2.4,5.2
0.0,2.4
1.3,0.0
8.7,1.3
1.6,8.7
32.0,1.6
1.0,32.0
1.5,1.0
0.8,1.5
0.8,0.8
0.0,0.8
0.2,0.0
0.0,0.2
0.0,0.0
0.0,0.0
0.0,0.0
0.0,0.0
0.0,0.0
0.0,0.0
9.5,0.0
3.6,9.5
4.8,3.6
1.2,4.8
7.2,1.2
0.0,7.2
23.0,0.0
7.7,23.0
10.2,7.7
0.0,10.2
2.6,0.0
0.0,2.6
0.0,0.0
5.8,0.0
1.2,5.8
14.2,1.2
32.5,14.2
1.4,32.5
0.0,1.4
3.6,0.0
9.0,3.6
15.8,9.0
6.7,15.8
2.0,6.7
0.0,2.0
0.7,0.0
0.2,0.7
0.0,0.2
0.1,0.0
0.0,0.1
0.0,0.0
0.0,0.0
0.0,0.0
0.0,0.0
0.0,0.0
0.0,0.0
0.0,0.0
7.3,0.0
11.2,7.3
21.8,11.2
15.6,21.8
30.1,15.6
24.0,30.1
76.3,24.0
4.0,76.3
0.0,4.0
1.0,0.0
0.0,1.0
0.0,0.0
0.0,0.0
10.0,0.0
0.0,10.0
40.0,0.0
0.0,40.0
5.0,0.0
0.0,5.0
78.0,0.0
26.0,78.0
34.7,26.0
0.0,34.7
11.6,0.0
0.0,11.6
8.0,0.0
0.0,8.0
20.5,0.0
30.0,20.5
14.0,30.0
1.6,14.0
4.0,1.6
13.0,4.0
5.7,13.0
0.0,5.7
4.1,0.0
10.2,4.1
0.5,10.2
4.5,0.5
8.0,4.5
6.2,8.0
4.8,6.2
2.8,4.8
0.0,2.8
0.0,0.0
7.0,0.0
19.5,7.0
8.5,19.5
0.0,8.5
4.2,0.0
2.1,4.2
3.2,2.1
2.7,3.2
2.9,2.7
2.8,2.9
6.1,2.8
15.5,6.1
12.5,15.5
40.5,12.5
1.5,40.5
13.5,1.5
33.5,13.5
2.0,33.5
0.2,2.0
0.7,0.2
0.0,0.7
13.9,0.0
35.2,13.9
19.6,35.2
13.5,19.6
11.7,13.5
2.0,11.7
6.8,2.0
4.4,6.8
5.6,4.4
3.4,5.6
3.0,3.4
0.0,3.0
1.0,0.0
0.3,1.0
0.0,0.3
0.3,0.0
0.3,0.3
0.6,0.3
0.3,0.6
0.0,0.3
0.7,0.0
0.0,0.7
2.5,0.0
0.5,2.5
11.9,0.5
43.0,11.9
1.5,43.0
4.0,1.5
19.2,4.0
5.0,19.2
66.5,5.0
9.5,66.5
21.7,9.5
10.4,21.7
10.7,10.4
0.0,10.7
8.0,0.0
17.0,8.0
4.5,17.0
10.8,4.5
7.6,10.8
6.1,7.6
4.6,6.1
0.0,4.6
2.3,0.0
0.8,2.3
1.0,0.8
0.0,1.0
0.3,0.0
0.0,0.3
1.5,0.0
1.4,1.5
4.2,1.4
0.0,4.2
8.9,0.0
2.5,8.9
4.3,2.5
1.5,4.3
13.7,1.5
8.5,13.7
40.5,8.5
7.5,40.5
3.2,7.5
14.9,3.2
22.4,14.9
34.0,22.4
37.6,34.0
46.0,37.6
28.3,46.0
25.2,28.3
1.2,25.2
8.8,1.2
3.3,8.8
0.0,3.3
14.9,0.0
5.0,14.9
51.2,5.0
16.2,51.2
36.0,16.2
34.5,36.0
43.5,34.5
7.5,43.5
23.2,7.5
16.4,23.2
18.6,16.4
8.8,18.6
0.0,8.8
0.0,0.0
19.5,0.0
20.8,19.5
58.5,20.8
5.0,58.5
70.4,5.0
35.2,70.4
3.5,35.2
62.0,3.5
34.1,62.0
46.8,34.1
1.3,46.8
89.6,1.3
36.5,89.6
44.2,36.5
18.7,44.2
32.0,18.7
6.0,32.0
3.7,6.0
18.5,3.7
4.0,18.5
3.0,4.0
1.3,3.0
0.0,1.3
0.0,0.0
0.0,0.0
5.1,0.0
5.4,5.1
15.3,5.4
1.0,15.3
5.4,1.0
2.1,5.4
0.0,2.1
5.5,0.0
1.6,5.5
18.2,1.6
6.6,18.2
6.2,6.6
0.0,6.2
0.0,0.0
8.9,0.0
11.9,8.9
26.8,11.9
29.4,26.8
30.4,29.4
49.6,30.4
15.8,49.6
19.6,15.8
126.4,19.6
34.3,126.4
4.0,34.3
1.0,4.0
19.0,1.0
70.3,19.0
26.9,70.3
6.0,26.9
21.5,6.0
13.8,21.5
12.0,13.8
6.7,12.0
0.9,6.7
0.0,0.9
7.5,0.0
9.7,7.5
21.5,9.7
10.4,21.5
10.6,10.4
0.0,10.6
5.3,0.0
2.7,5.3
4.0,2.7
4.4,4.0
3.7,4.4
6.5,3.7
0.0,6.5
0.0,0.0
0.0,0.0
5.9,0.0
7.9,5.9
17.8,7.9
8.6,17.8
0.0,8.6
2.9,0.0
0.0,2.9
26.8,0.0
58.6,26.8
77.5,58.6
130.0,77.5
23.5,130.0
57.6,23.5
2.8,57.6
101.4,2.8
71.8,101.4
80.0,71.8
14.5,80.0
16.8,14.5
3.5,16.8
52.3,3.5
20.4,52.3
24.0,20.4
5.5,24.0
17.8,5.5
15.0,17.8
13.7,15.0
8.2,13.7
74.0,8.2
94.1,74.0
200.0,94.1
98.9,200.0
2.5,98.9
34.8,2.5
2.9,34.8
19.5,2.9
8.3,19.5
31.9,8.3
0.0,31.9
0.0,0.0
0.7,0.0
0.7,0.7
2.0,0.7
0.0,2.0
0.0,0.0
0.0,0.0
9.5,0.0
4.6,9.5
7.4,4.6
1.5,7.4
0.0,1.5
0.5,0.0
0.0,0.5
0.2,0.0
0.0,0.2
0.1,0.0
0.0,0.1
29.2,0.0
112.5,29.2
4.2,112.5
46.5,4.2
12.7,46.5
0.0,12.7
0.0,0.0
0.0,0.0
0.0,0.0
10.8,0.0
10.8,10.8
32.5,10.8
0.0,32.5
0.0,0.0
0.0,0.0
0.0,0.0
12.2,0.0
0.0,12.2
49.0,0.0
0.0,49.0
16.3,0.0
0.0,16.3
4.1,0.0
0.0,4.1
0.0,0.0
0.0,0.0
0.0,0.0
0.0,0.0
11.2,0.0
45.0,11.2
0.0,45.0
0.0,0.0
0.0,0.0
0.0,0.0
0.0,0.0
0.0,0.0
0.0,0.0
0.0,0.0
0.0,0.0
0.0,0.0
0.0,0.0
0.0,0.0
0.0,0.0
2.8,0.0
0.0,2.8
11.0,0.0
2.5,11.0
0.0,2.5
1.3,0.0
0.4,1.3
0.0,0.4
0.1,0.0
9.5,0.1
0.0,9.5
37.8,0.0
13.0,37.8
0.8,13.0
6.2,0.8
8.0,6.2
3.1,8.0
0.2,3.1
1.1,0.2
0.3,1.1
0.0,0.3
0.0,0.0
0.0,0.0
0.0,0.0
0.0,0.0
0.0,0.0
0.0,0.0
0.0,0.0
0.0,0.0
0.1,0.0
0.0,0.1
0.5,0.0
0.2,0.5
0.0,0.2
0.1,0.0
0.0,0.1
0.0,0.0
0.0,0.0
5.3,0.0
5.3,5.3
15.8,5.3
0.0,15.8
20.0,0.0
13.0,20.0
0.0,13.0
5.0,0.0
2.0,5.0
1.8,2.0
0.0,1.8
0.0,0.0
0.0,0.0
0.0,0.0
0.0,0.0
0.0,0.0
0.0,0.0
0.0,0.0
6.5,0.0
2.2,6.5
2.2,2.2
0.0,2.2
0.0,0.0
0.0,0.0
0.0,0.0
0.0,0.0
0.0,0.0
0.0,0.0
0.0,0.0
0.0,0.0
0.0,0.0
10.0,0.0
66.0,10.0
18.3,66.0
0.0,18.3
0.0,0.0
0.0,0.0
0.0,0.0
0.0,0.0
0.0,0.0
0.0,0.0
0.2,0.0
8.0,0.2
0.0,8.0
0.0,0.0
0.0,0.0
0.0,0.0
0.0,0.0
0.0,0.0
0.0,0.0
1.2,0.0
6.2,1.2
0.0,6.2
0.0,0.0
0.0,0.0
0.0,0.0
0.0,0.0
0.0,0.0
0.0,0.0
0.0,0.0
0.0,0.0
2.5,0.0
9.2,2.5
2.7,9.2
9.0,2.7
0.0,9.0
0.0,0.0
0.0,0.0
0.0,0.0
0.0,0.0
26.0,0.0
0.0,26.0
0.3,0.0
0.1,0.3
3.3,0.1
0.0,3.3
12.7,0.0
6.4,12.7
6.3,6.4
4.2,6.3
0.0,4.2
1.1,0.0
0.0,1.1
0.0,0.0
0.0,0.0
0.0,0.0
0.8,0.0
3.0,0.8
0.0,3.0
0.8,0.0
0.0,0.8
0.0,0.0
0.1,0.0
0.0,0.1
0.5,0.0
1.5,0.5
10.4,1.5
25.5,10.4
14.2,25.5
4.8,14.2
0.0,4.8
0.0,0.0
0.0,0.0
0.1,0.0
0.1,0.1
0.3,0.1
0.0,0.3
0.0,0.0
0.5,0.0
5.5,0.5
1.0,5.5
0.0,1.0
2.9,0.0
20.2,2.9
7.3,20.2
6.0,7.3
0.0,6.0
23.0,0.0
6.5,23.0
1.2,6.5
7.5,1.2
10.5,7.5
0.0,10.5
0.0,0.0
0.0,0.0
0.0,0.0
5.4,0.0
0.0,5.4
21.8,0.0
14.7,21.8
0.5,14.7
36.4,0.5
1.0,36.4
3.1,1.0
10.4,3.1
7.0,10.4
30.5,7.0
16.6,30.5
29.0,16.6
0.0,29.0
9.9,0.0
3.6,9.9
0.8,3.6
4.8,0.8
4.0,4.8
11.0,4.0
3.0,11.0
4.7,3.0
1.9,4.7
0.0,1.9
0.0,0.0
39.0,0.0
12.9,39.0
8.4,12.9
4.1,8.4
18.1,4.1
6.3,18.1
53.7,6.3
30.0,53.7
34.8,30.0
21.4,34.8
20.8,21.4
0.0,20.8
6.9,0.0
2.3,6.9
0.0,2.3
3.4,0.0
0.0,3.4
11.4,0.0
13.6,11.4
14.8,13.6
29.5,14.8
4.5,29.5
6.5,4.5
2.5,6.5
2.6,2.5
1.5,2.6
0.0,1.5
10.4,0.0
0.5,10.4
126.0,0.5
8.7,126.0
38.0,8.7
82.8,38.0
8.8,82.8
8.2,8.8
6.0,8.2
2.0,6.0
1.0,2.0
9.4,1.0
0.0,9.4
24.7,0.0
7.7,24.7
0.0,7.7
6.0,0.0
8.9,6.0
29.5,8.9
0.0,29.5
15.5,0.0
12.4,15.5
5.5,12.4
28.5,5.5
0.0,28.5
2.5,0.0
0.0,2.5
11.5,0.0
0.0,11.5
1.0,0.0
13.0,1.0
29.5,13.0
11.8,29.5
0.0,11.8
0.0,0.0
0.0,0.0
1.3,0.0
11.0,1.3
2.5,11.0
0.0,2.5
1.0,0.0
2.0,1.0
0.6,2.0
0.9,0.6
0.5,0.9
0.0,0.5
1.5,0.0
0.7,1.5
5.0,0.7
0.0,5.0
0.0,0.0
0.0,0.0
0.0,0.0
10.6,0.0
6.5,10.6
35.7,6.5
0.0,35.7
0.0,0.0
0.0,0.0
0.0,0.0
0.7,0.0
0.0,0.7
2.9,0.0
75.0,2.9
52.2,75.0
0.8,52.2
58.0,0.8
0.1,58.0
0.0,0.1
0.0,0.0
0.0,0.0
0.0,0.0
0.0,0.0
0.0,0.0
0.0,0.0
0.0,0.0
0.0,0.0
0.0,0.0
0.0,0.0
0.0,0.0
0.0,0.0
0.0,0.0
0.6,0.0
0.0,0.6
2.2,0.0
0.0,2.2
0.0,0.0
0.0,0.0
24.1,0.0
6.8,24.1
3.2,6.8
0.0,3.2
1.1,0.0
0.3,1.1
0.0,0.3
0.0,0.0
0.0,0.0
0.0,0.0
0.0,0.0
0.0,0.0
0.0,0.0
0.0,0.0
1.7,0.0
0.7,1.7
0.0,0.7
0.0,0.0
0.0,0.0
0.0,0.0
0.0,0.0
0.0,0.0
0.0,0.0
0.0,0.0
0.0,0.0
0.0,0.0
0.2,0.0
0.0,0.2
1.0,0.0
0.0,1.0
0.0,0.0
0.0,0.0
0.0,0.0
0.0,0.0
0.0,0.0
12.7,0.0
0.3,12.7
50.5,0.3
0.0,50.5
6.3,0.0
6.5,6.3
0.0,6.5
47.5,0.0
15.2,47.5
1.0,15.2
0.0,1.0
0.3,0.0
0.0,0.3
10.2,0.0
1.5,10.2
39.1,1.5
0.0,39.1
1.4,0.0
9.7,1.4
0.0,9.7
0.0,0.0
2.0,0.0
1.6,2.0
6.5,1.6
0.5,6.5
2.0,0.5
0.0,2.0
2.7,0.0
6.0,2.7
6.2,6.0
7.4,6.2
9.9,7.4
4.5,9.9
0.1,4.5
0.5,0.1
4.7,0.5
13.6,4.7
5.3,13.6
0.5,5.3
2.5,0.5
5.5,2.5
8.0,5.5
9.8,8.0
16.0,9.8
14.2,16.0
0.0,14.2
31.0,0.0
0.0,31.0
29.0,0.0
19.0,29.0
14.0,19.0
0.0,14.0
2.0,0.0
3.5,2.0
9.0,3.5
21.5,9.0
15.5,21.5
16.1,15.5
7.9,16.1
0.0,7.9
0.0,0.0
0.0,0.0
0.0,0.0
0.0,0.0
0.0,0.0
0.0,0.0
0.0,0.0
0.0,0.0
0.0,0.0
0.0,0.0
0.0,0.0
0.0,0.0
0.0,0.0
0.0,0.0
0.0,0.0
0.0,0.0
0.0,0.0
0.0,0.0
0.0,0.0
0.0,0.0
0.0,0.0
0.0,0.0
0.0,0.0
0.0,0.0
0.0,0.0
0.0,0.0
1.8,0.0
7.0,1.8
0.0,7.0
2.1,0.0
1.5,2.1
0.0,1.5
0.0,0.0
0.0,0.0
5.0,0.0
3.1,5.0
7.3,3.1
0.0,7.3
0.0,0.0
0.0,0.0
0.0,0.0
0.0,0.0
0.0,0.0
0.0,0.0
1.0,0.0
0.0,1.0
4.0,0.0
1.0,4.0
0.0,1.0
0.0,0.0
0.0,0.0
27.0,0.0
0.0,27.0
0.0,0.0
0.0,0.0
0.0,0.0
0.0,0.0
0.0,0.0
0.0,0.0
0.0,0.0
0.0,0.0
0.0,0.0
0.0,0.0
0.0,0.0
0.0,0.0
0.0,0.0
0.0,0.0
0.0,0.0
0.0,0.0
0.0,0.0
0.0,0.0
0.0,0.0
0.0,0.0
0.0,0.0
0.0,0.0
0.0,0.0
0.8,0.0
134.9,0.8
45.2,134.9
60.0,45.2
0.0,60.0
15.0,0.0
0.0,15.0
0.0,0.0
5.9,0.0
0.0,5.9
5.1,0.0
14.9,5.1
0.0,14.9
0.0,0.0
29.6,0.0
9.9,29.6
0.0,9.9
8.0,0.0
12.0,8.0
10.2,12.0
2.4,10.2
0.0,2.4
0.0,0.0
0.0,0.0
0.0,0.0
1.9,0.0
6.5,1.9
1.0,6.5
0.0,1.0
5.7,0.0
0.1,5.7
1.4,0.1
0.0,1.4
0.0,0.0
0.0,0.0
0.0,0.0
4.5,0.0
9.8,4.5
8.2,9.8
37.5,8.2
69.4,37.5
9.7,69.4
6.0,9.7
4.4,6.0
3.8,4.4
3.1,3.8
1.0,3.1
1.0,1.0
0.0,1.0
0.0,0.0
11.6,0.0
24.9,11.6
0.0,24.9
0.0,0.0
0.0,0.0
3.1,0.0
5.4,3.1
7.0,5.4
12.3,7.0
5.3,12.3
6.2,5.3
4.5,6.2
2.8,4.5
0.0,2.8
21.0,0.0
6.2,21.0
0.5,6.2
3.1,0.5
2.5,3.1
0.0,2.5
1.0,0.0
1.6,1.0
0.0,1.6
0.0,0.0
0.0,0.0
0.0,0.0
0.0,0.0
0.0,0.0
0.0,0.0
0.0,0.0
4.5,0.0
0.0,4.5
0.0,0.0
0.0,0.0
0.0,0.0
0.0,0.0
0.0,0.0
0.0,0.0
0.0,0.0
0.6,0.0
2.5,0.6
0.0,2.5
0.0,0.0
2.1,0.0
0.0,2.1
2.6,0.0
3.5,2.6
5.2,3.5
1.8,5.2
8.8,1.8
6.8,8.8
0.5,6.8
0.0,0.5
0.0,0.0
23.8,0.0
9.0,23.8
29.1,9.0
110.3,29.1
0.3,110.3
44.7,0.3
4.6,44.7
0.0,4.6
0.0,0.0
0.0,0.0
8.0,0.0
8.5,8.0
21.0,8.5
5.0,21.0
2.0,5.0
2.0,2.0
25.0,2.0
4.0,25.0
5.0,4.0
7.3,5.0
13.0,7.3
10.2,13.0
11.6,10.2
14.9,11.6
12.9,14.9
23.0,12.9
2.0,23.0
2.0,2.0
6.0,2.0
7.3,6.0
14.0,7.3
8.1,14.0
6.8,8.1
3.0,6.8
2.0,3.0
2.5,2.0
2.5,2.5
4.5,2.5
3.0,4.5
10.0,3.0
